{"cameraMode":{"drawMode":0,"name":"Shaded","section":"Shading Mode"},"sceneLighting":true,"audioPlay":false,"sceneViewState":{"showFog":true,"showMaterialUpdate":false,"showSkybox":true,"showFlares":true,"showImageEffects":true,"showParticleSystems":true},"in2DMode":false,"pivot":{"x":0.3462188243865967,"y":0.15561068058013917,"z":0.6468890905380249},"rotation":{"x":-0.18046143651008607,"y":0.8195303678512573,"z":-0.38263005018234255,"w":-0.38651904463768008},"size":3.962932825088501,"orthographic":false}