{"cameraMode":{"drawMode":0,"name":"Shaded","section":"Shading Mode"},"sceneLighting":true,"audioPlay":false,"sceneViewState":{"showFog":true,"showMaterialUpdate":false,"showSkybox":true,"showFlares":true,"showImageEffects":true,"showParticleSystems":true},"in2DMode":false,"pivot":{"x":-0.4798145294189453,"y":-0.45389556884765627,"z":0.8434848785400391},"rotation":{"x":-0.09816992282867432,"y":0.8863136172294617,"z":-0.22000741958618165,"w":-0.39548352360725405},"size":9.282793045043946,"orthographic":false}